Wine_Name,Winery_Name
Vranec,Zaharchev Winery and Distillery
Vranec,Winery Chateau Sopot
Vranec,Winery Kartal
Vranec,Winery Popova kula
Vranec,Royal Winery Queen Maria
Vranec,Winery Brzanov
Vranec,Family Winery Peskov
Vranec,Winery Stobi
Vranec,Winery Popov
Vranec,S&S Winery
Vranec,Monastery Winery
Vranec,Winery Eros
Vranec,OldSchool Winery
Vranec,Winery Sarika
Vranec,Wine Bar & Winery Mal Sv. Kliment
Vranec,Winery Lazar
Vranec,Winery Valandovo
Vranec,Winery Skovin
Vranec,Winery Venec
Vranec,Winery Anevski
Vranec,Dalvina Winery
Vranec,Winery Badi
Vranec,Skovin AD Skopje Winery
Vranec,Wine Cellar Tikves AD Skopje
Vranec,Winery Ezimit
Vranec,Winery Grkov
Vranec,Imako Vino Winery
Vranec,Ciflik Winery
Vranec,GD Tikves Winery
Vranec,Ivanov Winery
Vranec,MILEV Winery
Vranec,Winery Movino
Vranec,Traikovsky Wines & Spirits
Vranec,Winery Bovin
Vranec,Winery Paragon
Kratosija,Winery Kamnik
Kratosija,Winery Kartal
Kratosija,Winery Brzanov
Kratosija,Winery Stobi
Kratosija,Winery Popov
Kratosija,Winery Lazar
Kratosija,Winery Skovin
Kratosija,Winery Venec
Kratosija,Skovin AD Skopje Winery
Kratosija,Wine Cellar Tikves AD Skopje
Kratosija,Imako Vino Winery
Kratosija,GD Tikves Winery
Kratosija,MILEV Winery
Kratosija,Winery Bovin
Cabernet Sauvignon,Winery Kamnik
Cabernet Sauvignon,Winery Chateau Sopot
Cabernet Sauvignon,Winery Kartal
Cabernet Sauvignon,Winery Popova kula
Cabernet Sauvignon,Royal Winery Queen Maria
Cabernet Sauvignon,Winery Brzanov
Cabernet Sauvignon,Winery Kuvin
Cabernet Sauvignon,Winery Stobi
Cabernet Sauvignon,Winery Popov
Cabernet Sauvignon,S&S Winery
Cabernet Sauvignon,Monastery Winery
Cabernet Sauvignon,Winery Eros
Cabernet Sauvignon,OldSchool Winery
Cabernet Sauvignon,Winery Lazar
Cabernet Sauvignon,Winery Valandovo
Cabernet Sauvignon,Winery Skovin
Cabernet Sauvignon,Winery Venec
Cabernet Sauvignon,Winery Jostela
Cabernet Sauvignon,Winery Anevski
Cabernet Sauvignon,Dalvina Winery
Cabernet Sauvignon,Winery Badi
Cabernet Sauvignon,Skovin AD Skopje Winery
Cabernet Sauvignon,Wine Cellar Tikves AD Skopje
Cabernet Sauvignon,Winery Grkov
Cabernet Sauvignon,Imako Vino Winery
Cabernet Sauvignon,GD Tikves Winery
Cabernet Sauvignon,MILEV Winery
Cabernet Sauvignon,Winery Bovin
Cabernet Sauvignon,Winery Paragon
Cabernet Sauvignon,Miron Winery
Merlot,Winery Kamnik
Merlot,Winery Chateau Sopot
Merlot,Winery Kartal
Merlot,Royal Winery Queen Maria
Merlot,Winery Brzanov
Merlot,Winery Kuvin
Merlot,Winery Stobi
Merlot,Winery Popov
Merlot,Winery Eros
Merlot,OldSchool Winery
Merlot,Winery Lazar
Merlot,Winery Valandovo
Merlot,Winery Venec
Merlot,Winery Jostela
Merlot,Winery Anevski
Merlot,Dalvina Winery
Merlot,Winery Badi
Merlot,Wine Cellar Tikves AD Skopje
Merlot,Winery Ezimit
Merlot,Winery Grkov
Merlot,Imako Vino Winery
Merlot,GD Tikves Winery
Merlot,MILEV Winery
Merlot,Winery Bovin
Merlot,Winery Paragon
Merlot,Ivanov Winery
Merlot,Winery Movino
Roze,Zaharchev Winery and Distillery
Roze,Winery Kamnik
Roze,Winery Chateau Sopot
Roze,Winery Kartal
Roze,Winery Popova kula
Roze,Royal Winery Queen Maria
Roze,Winery Brzanov
Roze,Family Winery Peskov
Roze,Winery Stobi
Roze,Winery Popov
Roze,S&S Winery
Roze,Monastery Winery
Roze,Winery Eros
Roze,OldSchool Winery
Roze,Winery Sarika
Roze,Wine Bar & Winery Mal Sv. Kliment
Roze,Winery Lazar
Roze,Winery Valandovo
Roze,Winery Skovin
Roze,Winery Venec
Roze,Winery Jostela
Roze,Winery Anevski
Roze,Dalvina Winery
Roze,Winery Badi
Roze,Skovin AD Skopje Winery
Roze,Wine Cellar Tikves AD Skopje
Roze,Winery Ezimit
Roze,Imako Vino Winery
Roze,Ciflik Winery
Roze,GD Tikves Winery
Roze,Ivanov Winery
Roze,MILEV Winery
Roze,Traikovsky Wines & Spirits
Roze,Winery Bovin
Roze,Winery Paragon
Roze,Domaine Lepovo
Smederevka,Winery Kamnik
Smederevka,Winery Chateau Sopot
Smederevka,Winery Kartal
Smederevka,Royal Winery Queen Maria
Smederevka,Winery Kuvin
Smederevka,Winery Brzanov
Smederevka,Winery Stobi
Smederevka,S&S Winery
Smederevka,Monastery Winery
Smederevka,Winery Eros
Smederevka,OldSchool Winery
Smederevka,Winery Sarika
Smederevka,Winery Lazar
Smederevka,Winery Valandovo
Smederevka,Winery Skovin
Smederevka,Winery Venec
Smederevka,Winery Anevski
Smederevka,Dalvina Winery
Smederevka,Winery Badi
Smederevka,Skovin AD Skopje Winery
Smederevka,Wine Cellar Tikves AD Skopje
Smederevka,Imako Vino Winery
Smederevka,GD Tikves Winery
Smederevka,MILEV Winery
Smederevka,Winery Bovin
Smederevka,Winery Paragon
Chardonnay,Winery Kamnik,
Chardonnay,Winery Chateau Sopot
Chardonnay,Winery Kartal
Chardonnay,Royal Winery Queen Maria
Chardonnay,Winery Kuvin
Chardonnay,Winery Brzanov
Chardonnay,Winery Stobi
Chardonnay,Winery Popov
Chardonnay,OldSchool Winery
Chardonnay,Winery Venec
Chardonnay,Dalvina Winery
Chardonnay,Wine Cellar Tikves AD Skopje
Chardonnay,Winery Ezimit
Chardonnay,Imako Vino Winery
Chardonnay,Ciflik Winery
Chardonnay,GD Tikves Winery
Chardonnay,MILEV Winery
Chardonnay,Winery Movino
Chardonnay,Winery Bovin
Chardonnay,Winery Paragon
Chardonnay,Domaine Lepovo
Temjanika,Zaharchev Winery and Distillery
Temjanika,Winery Kamnik
Temjanika,Winery Chateau Sopot
Temjanika,Winery Kartal
Temjanika,Winery Popova kula
Temjanika,Royal Winery Queen Maria
Temjanika,Winery Kuvin
Temjanika,Family Winery Peskov
Temjanika,Winery Stobi
Temjanika,Winery Popov
Temjanika,S&S Winery
Temjanika,Monastery Winery
Temjanika,Winery Eros
Temjanika,OldSchool Winery
Temjanika,Wine Bar & Winery Mal Sv. Kliment
Temjanika,Winery Lazar
Temjanika,Winery Skovin
Temjanika,Winery Venec
Temjanika,Skovin AD Skopje Winery
Temjanika,Imako Vino Winery
Temjanika,GD Tikves Winery
Temjanika,Ivanov Winery
Temjanika,MILEV Winery
Temjanika,Traikovsky Wines & Spirits
Temjanika,Winery Bovin
Temjanika,Winery Paragon
Zilavka,Winery Popova kula
Zilavka,Winery Stobi
Zilavka,Winery Eros
Zilavka,Winery Venec
Zilavka,Winery Jostela
Zilavka,Wine Cellar Tikves AD Skopje
Zilavka,Imako Vino Winery
Zilavka,GD Tikves
Grasevina,Winery Kartal
Grasevina,Winery Brzanov
Grasevina,Winery Stobi
Grasevina,Winery Venec
Grasevina,Wine Cellar Tikves AD Skopje
Grasevina,Imako Vino Winery
Grasevina,GD Tikves Winery
Champagne,Winery Chateau Sopot
Champagne,Winery Lazar
Champagne,Winery Kamnik
Champagne,Winery Popov